Workbook

Sheet دليل الاستخدام
B1: إر روكا للأثاث — ملف تجهيز البيانات المالية من 2026-01-01
B2: الغرض: جمع كل البيانات المالية منذ بداية النشاط بصورة صحيحة ومكتملة لإدخالها في المنظومة مرة واحدة، فتصبح المنظومة المرجع الوحيد للحسابات.
B4: قواعد التعبئة (إلزامية):
B5: 1. صف واحد لكل مستند (فاتورة، إيصال، حركة). لا تجمع عدة فواتير في صف واحد.
B6: 2. التاريخ بالصيغة 2026-03-15 (سنة-شهر-يوم) وبالتقويم الميلادي.
B7: 3. المبالغ أرقام فقط بلا كلمة «ريال» وبلا فواصل نصية. اكتب المبلغ قبل الضريبة والضريبة كلًّا في عموده كما هما في الفاتورة — لا تحسب الضريبة بنفسك.
B8: 4. إن لم تكن فاتورة ضريبية (بلا رقم ضريبي للمورد أو بلا ضريبة): اكتب الضريبة 0 واختر «لا» في عمود الفاتورة الضريبية.
B9: 5. لكل صف اسم ملف المرفق (صورة/PDF) كما هو محفوظ في المجلد، مثال: EXP-0001.pdf. سمِّ الملفات بالرقم التسلسلي في العمود الأول.
B10: 6. لا تترك «دُفع من» فارغًا. إن لم تعرف المصدر اكتب ذلك في الملاحظات — الفارغ يتحول إلى استثناء للمراجعة.
B11: 7. رمز المشروع يُكتب كما في ورقة «المشاريع» حرفيًا (مثال: P-001). المصروف العام يُترك رمز مشروعه فارغًا.
B12: 8. لا تحذف صفًا مكتوبًا لتصحيحه؛ عدّله واكتب سبب التعديل في الملاحظات.
B13: 9. لا تُدخل أي رقم تقديري على أنه فعلي. ما لا مستند له يُكتب في الملاحظات «بلا مستند» ويُراجع.
... B25: ملاحظة: هذا الملف أداة تجهيز فقط وليس دفاتر محاسبية. القيود والأرصدة تُنشأ في المنظومة بعد الإدخال والمطابقة مع كشف البنك.

Sheet قائمة المطلوبات
A1: قائمة المطلوبات — ما يجب تجهيزه
A2: حدّث عمود «الحالة» أولًا بأول. الأولوية ١ = مطلوب لبدء الإدخال، ٢ = مطلوب لإكمال الحسابات، ٣ = مطلوب قبل إقفال السنة.
A4: الأولوية | B4: البند | C4: المطلوب بالتحديد | D4: الصيغة / أين يُجهَّز | E4: الحالة | F4: المسؤول | G4: ملاحظات
A5: 1 | B5: بيانات المنشأة | C5: السجل التجاري، نوع الكيان، رأس المال، الرقم الضريبي وتاريخ التسجيل، فترة الإقرار | D5: ورقة «بيانات المنشأة» + صورة السجل وشهادة التسجيل الضريبي | E5: لم يبدأ
A6: 1 | B6: كشوف كل الحسابات البنكية | C6: من تاريخ فتح الحساب حتى اليوم، لكل حساب | D6: Excel أو CSV من بوابة البنك (لا PDF فقط) | E6: لم يبدأ
A7: 1 | B7: قائمة الحسابات البنكية | C7: البنك، رقم الآيبان، رصيد الافتتاح ورصيد آخر الكشف | D7: ورقة «الحسابات البنكية» | E7: لم يبدأ
A8: 1 | B8: بيان المشاريع | C8: كل مشروع منذ 2026-01-01 مع العميل وقيمة العقد وحالته | D8: ورقة «المشاريع» | E8: لم يبدأ
A9: 1 | B9: فواتير المصروفات (مشاريع + عمومية) | C9: كل فاتورة وإيصال منذ 2026-01-01 | D9: ورقة «المصروفات» + صورة/PDF لكل فاتورة | E9: لم يبدأ
A10: 1 | B10: فواتير مشتريات الخامات بالكميات | C10: الصنف والكمية والوحدة والسعر، ووجهة الخامة (مشروع/مخزون) | D10: ورقة «مشتريات الخامات» | E10: لم يبدأ
A11: 2 | B11: تمويل المالك ومصاريف التأسيس | C11: كل مبلغ دفعه المالك من ماله أو أودعه، وكل سحب شخصي | D11: ورقة «تمويل المالك» + الإيصالات | E11: لم يبدأ
A12: 2 | B12: المكائن والأصول | C12: كل مكينة ومعدة: تاريخ الشراء، البائع، السعر، جديد/مستعمل، ما يثبت الثمن | D12: ورقة «الأصول والمكائن» + الفواتير أو إقرار المالك بالقيمة | E12: لم يبدأ
A13: 2 | B13: فواتير المبيعات من دفترة | C13: كل فاتورة صدرت منذ 2026-01-01 (للاستيراد كسجل تاريخي) | D13: تصدير Excel من دفترة + ورقة «فواتير المبيعات» | E13: لم يبدأ
A14: 2 | B14: التحصيلات من العملاء | C14: كل مبلغ استُلم: التاريخ، العميل، الفاتورة، الحساب البنكي | D14: ورقة «التحصيلات» | E14: لم يبدأ
A15: 2 | B15: الرواتب المدفوعة | C15: لكل موظف وكل شهر: المبلغ المدفوع وتاريخه ومن أين دُفع | D15: ورقة «الرواتب المدفوعة» + مسيرات الرواتب إن وُجدت | E15: لم يبدأ
A16: 2 | B16: إقرارات ضريبة القيمة المضافة المقدمة | C16: كل إقرار قُدّم في 2026: الفترة والمبالغ وتاريخ السداد | D16: ورقة «إقرارات الضريبة» + نسخة الإقرار من بوابة الهيئة | E16: لم يبدأ
... A20: 3 | B20: التحقق من موجة الفوترة الإلكترونية (المرحلة الثانية) | C20: هل المنشأة مُبلَّغة بموجة ربط مع منصة «فاتورة» وموعدها | D20: إشعار الهيئة أو تأكيد من بوابة الهيئة | E20: لم يبدأ

Sheet بيانات المنشأة
A1: بيانات المنشأة
A2: تحدد هذه البيانات المعالجة المحاسبية والزكوية والضريبية. اكتب «غير متوفر» لما لا تعرفه — لا تتركه فارغًا.
A4: البيان | B4: القيمة | C4: ملاحظات
A5: الاسم القانوني (كما في السجل)
A6: نوع الكيان
A7: رقم السجل التجاري
A8: تاريخ إصدار السجل
A9: رأس المال المسجل (ريال)
A10: المالك / الشركاء ونسبهم
A11: الرقم الضريبي (15 رقمًا)
A12: تاريخ التسجيل في ضريبة القيمة المضافة
A13: فترة الإقرار الضريبي
A14: تاريخ بداية النشاط الفعلي
A15: بداية السنة المالية
A16: نهاية السنة المالية
... A19: هل المنشأة مُبلَّغة بموجة ربط «فاتورة»؟ وموعدها

Sheet الحسابات البنكية
A1: الحسابات البنكية
A2: حساب في كل صف. الرصيد يُنقل من الكشف كما هو. اسم الحساب المختصر يُستخدم في الأوراق الأخرى في عمود «اسم الحساب البنكي».
A3: الصف الأول (بخط رمادي مائل) مثال توضيحي لطريقة الكتابة فقط — احذفه أو اكتب فوقه. الخلايا الصفراء للإدخال، والرمادية تُحسب تلقائيًا.
A4: اسم الحساب المختصر | B4: البنك | C4: رقم الآيبان | D4: العملة | E4: تاريخ فتح الحساب | F4: الرصيد في 2026-01-01 (أو عند الفتح) | G4: تاريخ آخر كشف | H4: الرصيد في آخر كشف | I4: ملف الكشف (Excel/CSV) مرفق؟ | J4: ملاحظات
A5: الراجحي-الجاري | B5: مصرف الراجحي | C5: SA00 0000 0000 0000 0000 0000 | D5: SAR | E5: 2026-01-05 | F5: 0 | G5: 2026-09-30 | H5: 12500.5 | I5: نعم

Sheet المشاريع
A1: المشاريع
A2: مشروع في كل صف منذ 2026-01-01. «رمز المشروع» قصير وفريد (P-001، P-002…) ويُستخدم في كل الأوراق الأخرى.
A3: الصف الأول (بخط رمادي مائل) مثال توضيحي لطريقة الكتابة فقط — احذفه أو اكتب فوقه. الخلايا الصفراء للإدخال، والرمادية تُحسب تلقائيًا.
A4: رمز المشروع | B4: اسم المشروع / الوصف | C4: العميل | D4: الرقم الضريبي للعميل | E4: جوال العميل | F4: قيمة العقد قبل الضريبة | G4: ضريبة العقد | H4: قيمة العقد شاملة الضريبة | I4: تاريخ التعاقد/الاعتماد | J4: تاريخ التسليم | K4: الحالة | L4: رقم عرض السعر في دفترة | M4: ملاحظات
A5: P-001 | B5: مطبخ وخزائن فيلا — العليا | C5: مثال: مؤسسة النخبة | D5: 300000000000003 | E5: 05XXXXXXXX | F5: 40000 | G5: 6000 | H5: =IF(AND(F5="",G5=""),"",N(F5)+N(G5)) | I5: 2026-02-01 | J5: 2026-04-15 | K5: مُسلَّم | L5: EST-0005
H6: =IF(AND(F6="",G6=""),"",N(F6)+N(G6))
H7: =IF(AND(F7="",G7=""),"",N(F7)+N(G7))
H8: =IF(AND(F8="",G8=""),"",N(F8)+N(G8))
H9: =IF(AND(F9="",G9=""),"",N(F9)+N(G9))
H10: =IF(AND(F10="",G10=""),"",N(F10)+N(G10))
H11: =IF(AND(F11="",G11=""),"",N(F11)+N(G11))
H12: =IF(AND(F12="",G12=""),"",N(F12)+N(G12))
H13: =IF(AND(F13="",G13=""),"",N(F13)+N(G13))
H14: =IF(AND(F14="",G14=""),"",N(F14)+N(G14))
H15: =IF(AND(F15="",G15=""),"",N(F15)+N(G15))
H16: =IF(AND(F16="",G16=""),"",N(F16)+N(G16))
H17: =IF(AND(F17="",G17=""),"",N(F17)+N(G17))
... H504: =IF(AND(F504="",G504=""),"",N(F504)+N(G504))

Sheet المصروفات
A1: المصروفات (مشاريع + عمومية)
A2: كل فاتورة أو إيصال مصروف منذ 2026-01-01 عدا الخامات بالكميات (لها ورقة مستقلة) والرواتب (لها ورقة مستقلة). المصروف على مشروع يُكتب رمزه؛ المصروف العام يُترك رمز مشروعه فارغًا.
A3: الصف الأول (بخط رمادي مائل) مثال توضيحي لطريقة الكتابة فقط — احذفه أو اكتب فوقه. الخلايا الصفراء للإدخال، والرمادية تُحسب تلقائيًا.
A4: الرقم التسلسلي | B4: تاريخ الفاتورة | C4: المورد | D4: الرقم الضريبي للمورد | E4: رقم الفاتورة | F4: فاتورة ضريبية؟ | G4: الوصف | H4: التصنيف | I4: رمز المشروع | J4: المبلغ قبل الضريبة | K4: الضريبة | L4: الإجمالي | M4: نسبة الضريبة (فحص) | N4: دُفع من | O4: اسم الحساب البنكي / العهدة | P4: تاريخ الدفع | Q4: مرجع الحركة في كشف البنك | R4: اسم ملف المرفق | S4: ملاحظات
A5: EXP-0001 | B5: 2026-03-10 | C5: مثال: مؤسسة الإضاءة الحديثة | D5: 310000000000003 | E5: INV-2231 | F5: نعم | G5: إكسسوارات إضاءة للمطبخ | H5: خامات ومواد مباشرة | I5: P-001 | J5: 1000 | K5: 150 | L5: =IF(AND(J5="",K5=""),"",N(J5)+N(K5)) | M5: =IF(N(J5)=0,"",N(K5)/J5) | N5: البنك (حدد الحساب في العمود التالي) | O5: الراجحي-الجاري | P5: 2026-03-10 | Q5: FT26069XXXX | R5: EXP-0001.pdf
L6: =IF(AND(J6="",K6=""),"",N(J6)+N(K6)) | M6: =IF(N(J6)=0,"",N(K6)/J6)
L7: =IF(AND(J7="",K7=""),"",N(J7)+N(K7)) | M7: =IF(N(J7)=0,"",N(K7)/J7)
L8: =IF(AND(J8="",K8=""),"",N(J8)+N(K8)) | M8: =IF(N(J8)=0,"",N(K8)/J8)
L9: =IF(AND(J9="",K9=""),"",N(J9)+N(K9)) | M9: =IF(N(J9)=0,"",N(K9)/J9)
L10: =IF(AND(J10="",K10=""),"",N(J10)+N(K10)) | M10: =IF(N(J10)=0,"",N(K10)/J10)
L11: =IF(AND(J11="",K11=""),"",N(J11)+N(K11)) | M11: =IF(N(J11)=0,"",N(K11)/J11)
L12: =IF(AND(J12="",K12=""),"",N(J12)+N(K12)) | M12: =IF(N(J12)=0,"",N(K12)/J12)
L13: =IF(AND(J13="",K13=""),"",N(J13)+N(K13)) | M13: =IF(N(J13)=0,"",N(K13)/J13)
L14: =IF(AND(J14="",K14=""),"",N(J14)+N(K14)) | M14: =IF(N(J14)=0,"",N(K14)/J14)
L15: =IF(AND(J15="",K15=""),"",N(J15)+N(K15)) | M15: =IF(N(J15)=0,"",N(K15)/J15)
L16: =IF(AND(J16="",K16=""),"",N(J16)+N(K16)) | M16: =IF(N(J16)=0,"",N(K16)/J16)
L17: =IF(AND(J17="",K17=""),"",N(J17)+N(K17)) | M17: =IF(N(J17)=0,"",N(K17)/J17)
... L504: =IF(AND(J504="",K504=""),"",N(J504)+N(K504)) | M504: =IF(N(J504)=0,"",N(K504)/J504)

Sheet مشتريات الخامات
A1: مشتريات الخامات بالكميات
A2: صنف في كل صف (الفاتورة ذات ٣ أصناف = ٣ صفوف بنفس رقم الفاتورة). ضريبة الفاتورة تُكتب في صف الصنف الأول فقط. الوجهة: «مشروع مباشرة» إن صُرفت الخامة لمشروع بعينه، وإلا «مخزون الورشة».
A3: الصف الأول (بخط رمادي مائل) مثال توضيحي لطريقة الكتابة فقط — احذفه أو اكتب فوقه. الخلايا الصفراء للإدخال، والرمادية تُحسب تلقائيًا.
A4: الرقم التسلسلي للفاتورة | B4: تاريخ الفاتورة | C4: المورد | D4: الرقم الضريبي للمورد | E4: رقم الفاتورة | F4: الصنف / الخامة | G4: الوحدة | H4: الكمية | I4: سعر الوحدة قبل الضريبة | J4: إجمالي الصنف قبل الضريبة | K4: ضريبة الفاتورة (صف أول فقط) | L4: الوجهة | M4: رمز المشروع | N4: دُفع من | O4: اسم الحساب البنكي / العهدة | P4: تاريخ الدفع | Q4: اسم ملف المرفق | R4: ملاحظات
A5: PUR-0001 | B5: 2026-02-12 | C5: مثال: مصنع الألواح | D5: 300000000000003 | E5: S-7781 | F5: MDF 18 ملم | G5: لوح | H5: 20 | I5: 95 | J5: =IF(OR(H5="",I5=""),"",H5*I5) | K5: 285 | L5: مشروع مباشرة | M5: P-001 | N5: البنك (حدد الحساب في العمود التالي) | O5: الراجحي-الجاري | P5: 2026-02-12 | Q5: PUR-0001.pdf
J6: =IF(OR(H6="",I6=""),"",H6*I6)
J7: =IF(OR(H7="",I7=""),"",H7*I7)
J8: =IF(OR(H8="",I8=""),"",H8*I8)
J9: =IF(OR(H9="",I9=""),"",H9*I9)
J10: =IF(OR(H10="",I10=""),"",H10*I10)
J11: =IF(OR(H11="",I11=""),"",H11*I11)
J12: =IF(OR(H12="",I12=""),"",H12*I12)
J13: =IF(OR(H13="",I13=""),"",H13*I13)
J14: =IF(OR(H14="",I14=""),"",H14*I14)
J15: =IF(OR(H15="",I15=""),"",H15*I15)
J16: =IF(OR(H16="",I16=""),"",H16*I16)
J17: =IF(OR(H17="",I17=""),"",H17*I17)
... J504: =IF(OR(H504="",I504=""),"",H504*I504)

Sheet تمويل المالك
A1: تمويل المالك ومصاريف التأسيس والسحوبات
A2: كل مبلغ دفعه المالك من ماله للمنشأة أو أودعه في حسابها، وكل سحب شخصي من حساب المنشأة. المصروف الذي دفعه المالك يُكتب هنا وليس في ورقة المصروفات (لتجنّب التكرار).
A3: الصف الأول (بخط رمادي مائل) مثال توضيحي لطريقة الكتابة فقط — احذفه أو اكتب فوقه. الخلايا الصفراء للإدخال، والرمادية تُحسب تلقائيًا.
A4: الرقم التسلسلي | B4: التاريخ | C4: النوع | D4: الوصف | E4: المورد (إن وُجد) | F4: الرقم الضريبي للمورد | G4: رقم الفاتورة/الإيصال | H4: فاتورة ضريبية؟ | I4: المبلغ قبل الضريبة | J4: الضريبة | K4: الإجمالي | L4: التصنيف (للمصروف) | M4: رمز المشروع | N4: اسم الحساب البنكي (للإيداع/السحب) | O4: اسم ملف المرفق | P4: ملاحظات
A5: OWN-0001 | B5: 2026-01-08 | C5: دفع مصروف تأسيس من ماله | D5: رسوم إصدار السجل التجاري | E5: وزارة التجارة | G5: R-55102 | H5: لا | I5: 1200 | J5: 0 | K5: =IF(AND(I5="",J5=""),"",N(I5)+N(J5)) | L5: مصاريف تأسيس | O5: OWN-0001.pdf
K6: =IF(AND(I6="",J6=""),"",N(I6)+N(J6))
K7: =IF(AND(I7="",J7=""),"",N(I7)+N(J7))
K8: =IF(AND(I8="",J8=""),"",N(I8)+N(J8))
K9: =IF(AND(I9="",J9=""),"",N(I9)+N(J9))
K10: =IF(AND(I10="",J10=""),"",N(I10)+N(J10))
K11: =IF(AND(I11="",J11=""),"",N(I11)+N(J11))
K12: =IF(AND(I12="",J12=""),"",N(I12)+N(J12))
K13: =IF(AND(I13="",J13=""),"",N(I13)+N(J13))
K14: =IF(AND(I14="",J14=""),"",N(I14)+N(J14))
K15: =IF(AND(I15="",J15=""),"",N(I15)+N(J15))
K16: =IF(AND(I16="",J16=""),"",N(I16)+N(J16))
K17: =IF(AND(I17="",J17=""),"",N(I17)+N(J17))
... K504: =IF(AND(I504="",J504=""),"",N(I504)+N(J504))

Sheet الأصول والمكائن
A1: الأصول والمكائن والمعدات
A2: كل مكينة أو معدة أو أصل تزيد قيمته على ما يُستهلك فورًا. المستعمل بلا فاتورة: اكتب القيمة المتفق عليها وما يثبتها (عقد بيع، تحويل بنكي، إقرار المالك). العمر الإنتاجي يُترك فارغًا حتى يُقرَّر.
A3: الصف الأول (بخط رمادي مائل) مثال توضيحي لطريقة الكتابة فقط — احذفه أو اكتب فوقه. الخلايا الصفراء للإدخال، والرمادية تُحسب تلقائيًا.
A4: رقم الأصل | B4: اسم الأصل | C4: الماركة / الموديل | D4: الرقم التسلسلي | E4: جديد / مستعمل | F4: تاريخ الشراء | G4: تاريخ بدء التشغيل | H4: البائع | I4: فاتورة ضريبية؟ | J4: الثمن قبل الضريبة | K4: الضريبة | L4: الإجمالي | M4: دُفع من | N4: اسم الحساب البنكي | O4: ما يثبت الثمن | P4: العمر الإنتاجي المقترح (سنوات) — يُقرَّر لاحقًا | Q4: القدرة الكهربائية (كيلوواط) إن عُرفت | R4: اسم ملف المرفق | S4: ملاحظات
A5: AST-001 | B5: منشار طاولة | C5: مثال: SCM SI 400 | D5: SN-XXXX | E5: مستعمل | F5: 2026-01-20 | G5: 2026-01-25 | H5: مثال: ورشة الأمانة | I5: لا | J5: 18000 | K5: 0 | L5: =IF(AND(J5="",K5=""),"",N(J5)+N(K5)) | M5: المالك من ماله الشخصي | O5: عقد بيع + تحويل من حساب المالك | Q5: 5.5 | R5: AST-001.pdf
L6: =IF(AND(J6="",K6=""),"",N(J6)+N(K6))
L7: =IF(AND(J7="",K7=""),"",N(J7)+N(K7))
L8: =IF(AND(J8="",K8=""),"",N(J8)+N(K8))
L9: =IF(AND(J9="",K9=""),"",N(J9)+N(K9))
L10: =IF(AND(J10="",K10=""),"",N(J10)+N(K10))
L11: =IF(AND(J11="",K11=""),"",N(J11)+N(K11))
L12: =IF(AND(J12="",K12=""),"",N(J12)+N(K12))
L13: =IF(AND(J13="",K13=""),"",N(J13)+N(K13))
L14: =IF(AND(J14="",K14=""),"",N(J14)+N(K14))
L15: =IF(AND(J15="",K15=""),"",N(J15)+N(K15))
L16: =IF(AND(J16="",K16=""),"",N(J16)+N(K16))
L17: =IF(AND(J17="",K17=""),"",N(J17)+N(K17))
... L504: =IF(AND(J504="",K504=""),"",N(J504)+N(K504))

Sheet فواتير المبيعات
A1: فواتير المبيعات (من دفترة)
A2: كل فاتورة مبيعات صدرت منذ 2026-01-01 كما هي في دفترة — تُستورد كسجل تاريخي ولا يُعاد إصدارها. يمكن لصق تصدير دفترة هنا وإضافة رمز المشروع.
A3: الصف الأول (بخط رمادي مائل) مثال توضيحي لطريقة الكتابة فقط — احذفه أو اكتب فوقه. الخلايا الصفراء للإدخال، والرمادية تُحسب تلقائيًا.
A4: رقم الفاتورة في دفترة | B4: تاريخ الفاتورة | C4: العميل | D4: الرقم الضريبي للعميل | E4: رمز المشروع | F4: نوع الفاتورة (دفعة مقدمة/مرحلية/نهائية) | G4: المبلغ قبل الضريبة | H4: الضريبة | I4: الإجمالي | J4: إشعار دائن مرتبط (إن وُجد) | K4: ملاحظات
A5: INV-00012 | B5: 2026-02-03 | C5: مثال: مؤسسة النخبة | D5: 300000000000003 | E5: P-001 | F5: دفعة مقدمة | G5: 20000 | H5: 3000 | I5: =IF(AND(G5="",H5=""),"",N(G5)+N(H5))
I6: =IF(AND(G6="",H6=""),"",N(G6)+N(H6))
I7: =IF(AND(G7="",H7=""),"",N(G7)+N(H7))
I8: =IF(AND(G8="",H8=""),"",N(G8)+N(H8))
I9: =IF(AND(G9="",H9=""),"",N(G9)+N(H9))
I10: =IF(AND(G10="",H10=""),"",N(G10)+N(H10))
I11: =IF(AND(G11="",H11=""),"",N(G11)+N(H11))
I12: =IF(AND(G12="",H12=""),"",N(G12)+N(H12))
I13: =IF(AND(G13="",H13=""),"",N(G13)+N(H13))
I14: =IF(AND(G14="",H14=""),"",N(G14)+N(H14))
I15: =IF(AND(G15="",H15=""),"",N(G15)+N(H15))
I16: =IF(AND(G16="",H16=""),"",N(G16)+N(H16))
I17: =IF(AND(G17="",H17=""),"",N(G17)+N(H17))
... I504: =IF(AND(G504="",H504=""),"",N(G504)+N(H504))

Sheet التحصيلات
A1: التحصيلات من العملاء
A2: كل مبلغ استُلم من عميل. التحويل البنكي يُطابق لاحقًا مع كشف البنك تلقائيًا بالتاريخ والمبلغ والمرجع.
A3: الصف الأول (بخط رمادي مائل) مثال توضيحي لطريقة الكتابة فقط — احذفه أو اكتب فوقه. الخلايا الصفراء للإدخال، والرمادية تُحسب تلقائيًا.
A4: التاريخ | B4: العميل | C4: رمز المشروع | D4: رقم الفاتورة المسددة | E4: المبلغ | F4: طريقة التحصيل | G4: اسم الحساب البنكي المستلم | H4: مرجع الحركة في كشف البنك | I4: رقم سند القبض (إن وُجد) | J4: ملاحظات
A5: 2026-02-04 | B5: مثال: مؤسسة النخبة | C5: P-001 | D5: INV-00012 | E5: 23000 | F5: تحويل بنكي | G5: الراجحي-الجاري | H5: FT26035XXXX

Sheet الرواتب المدفوعة
A1: الرواتب المدفوعة
A2: صف لكل موظف لكل شهر بما دُفع فعلًا (المنظومة لا تحتسب الرواتب). العامل المباشر يُكتب رمز مشروعه إن عمل على مشروع واحد في الشهر، وإلا يُترك فارغًا.
A3: الصف الأول (بخط رمادي مائل) مثال توضيحي لطريقة الكتابة فقط — احذفه أو اكتب فوقه. الخلايا الصفراء للإدخال، والرمادية تُحسب تلقائيًا.
A4: الشهر (2026-01) | B4: اسم الموظف | C4: المسمى | D4: عمالة مباشرة؟ | E4: الراتب الأساسي | F4: البدلات | G4: خصومات/سلف | H4: صافي المدفوع | I4: تاريخ الدفع | J4: دُفع من | K4: اسم الحساب البنكي | L4: رمز المشروع | M4: ملاحظات
A5: 2026-03 | B5: مثال: خالد | C5: نجار | D5: نعم | E5: 3000 | F5: 700 | G5: 0 | H5: =IF(AND(E5="",F5="",G5=""),"",N(E5)+N(F5)-N(G5)) | I5: 2026-03-28 | J5: البنك (حدد الحساب في العمود التالي) | K5: الراجحي-الجاري
H6: =IF(AND(E6="",F6="",G6=""),"",N(E6)+N(F6)-N(G6))
H7: =IF(AND(E7="",F7="",G7=""),"",N(E7)+N(F7)-N(G7))
H8: =IF(AND(E8="",F8="",G8=""),"",N(E8)+N(F8)-N(G8))
H9: =IF(AND(E9="",F9="",G9=""),"",N(E9)+N(F9)-N(G9))
H10: =IF(AND(E10="",F10="",G10=""),"",N(E10)+N(F10)-N(G10))
H11: =IF(AND(E11="",F11="",G11=""),"",N(E11)+N(F11)-N(G11))
H12: =IF(AND(E12="",F12="",G12=""),"",N(E12)+N(F12)-N(G12))
H13: =IF(AND(E13="",F13="",G13=""),"",N(E13)+N(F13)-N(G13))
H14: =IF(AND(E14="",F14="",G14=""),"",N(E14)+N(F14)-N(G14))
H15: =IF(AND(E15="",F15="",G15=""),"",N(E15)+N(F15)-N(G15))
H16: =IF(AND(E16="",F16="",G16=""),"",N(E16)+N(F16)-N(G16))
H17: =IF(AND(E17="",F17="",G17=""),"",N(E17)+N(F17)-N(G17))
... H504: =IF(AND(E504="",F504="",G504=""),"",N(E504)+N(F504)-N(G504))

Sheet إقرارات الضريبة
A1: إقرارات ضريبة القيمة المضافة المقدمة في 2026
A2: كما قُدّمت في بوابة الهيئة فعلًا. تُستخدم لمطابقة ضريبة المخرجات والمدخلات بعد إدخال البيانات واكتشاف أي فرق يحتاج تصحيحًا مع المستشار الضريبي.
A3: الصف الأول (بخط رمادي مائل) مثال توضيحي لطريقة الكتابة فقط — احذفه أو اكتب فوقه. الخلايا الصفراء للإدخال، والرمادية تُحسب تلقائيًا.
A4: الفترة من | B4: الفترة إلى | C4: المبيعات الخاضعة | D4: ضريبة المخرجات | E4: المشتريات الخاضعة | F4: ضريبة المدخلات | G4: صافي الضريبة | H4: تاريخ التقديم | I4: تاريخ السداد | J4: المبلغ المسدد | K4: ملاحظات
A5: 2026-01-01 | B5: 2026-03-31 | C5: 100000 | D5: 15000 | E5: 0 | F5: 0 | G5: =IF(AND(D5="",F5=""),"",N(D5)-N(F5)) | H5: 2026-04-28 | I5: 2026-04-28 | J5: 15000 | K5: مثال: لم تُدرج مدخلات الربع
G6: =IF(AND(D6="",F6=""),"",N(D6)-N(F6))
G7: =IF(AND(D7="",F7=""),"",N(D7)-N(F7))
G8: =IF(AND(D8="",F8=""),"",N(D8)-N(F8))
G9: =IF(AND(D9="",F9=""),"",N(D9)-N(F9))
G10: =IF(AND(D10="",F10=""),"",N(D10)-N(F10))
G11: =IF(AND(D11="",F11=""),"",N(D11)-N(F11))
G12: =IF(AND(D12="",F12=""),"",N(D12)-N(F12))
G13: =IF(AND(D13="",F13=""),"",N(D13)-N(F13))
G14: =IF(AND(D14="",F14=""),"",N(D14)-N(F14))
G15: =IF(AND(D15="",F15=""),"",N(D15)-N(F15))
G16: =IF(AND(D16="",F16=""),"",N(D16)-N(F16))
G17: =IF(AND(D17="",F17=""),"",N(D17)-N(F17))
... G504: =IF(AND(D504="",F504=""),"",N(D504)-N(F504))

Sheet الملخص والفحوصات
A1: الملخص والفحوصات (تُحسب تلقائيًا — بعد حذف الصفوف التوضيحية)
A3: البند | B3: العدد | C3: المبلغ | D3: التفسير
A4: المشاريع | B4: =SUMPRODUCT(1*('المشاريع'!A5:A504<>"")) | C4: =SUM('المشاريع'!F5:F504) | D4: قيمة العقود قبل الضريبة
A5: المصروفات | B5: =SUMPRODUCT(1*('المصروفات'!A5:A504<>"")) | C5: =SUM('المصروفات'!J5:J504) | D5: قبل الضريبة
A6: منها على مشاريع | B6: =SUMPRODUCT(('المصروفات'!A5:A504<>"")*('المصروفات'!I5:I504<>"")) | C6: =SUMPRODUCT(('المصروفات'!I5:I504<>"")*'المصروفات'!J5:J504)
A7: منها عامة | B7: =SUMPRODUCT(('المصروفات'!A5:A504<>"")*('المصروفات'!I5:I504="")) | C7: =SUMPRODUCT(('المصروفات'!A5:A504<>"")*('المصروفات'!I5:I504="")*'المصروفات'!J5:J504)
A8: ضريبة المدخلات في المصروفات | C8: =SUM('المصروفات'!K5:K504)
A9: مشتريات الخامات (أصناف) | B9: =SUMPRODUCT(1*('مشتريات الخامات'!F5:F504<>"")) | C9: =SUM('مشتريات الخامات'!J5:J504) | D9: قبل الضريبة
A10: تمويل المالك (كل الأنواع عدا السحب) | B10: =SUMPRODUCT(('تمويل المالك'!A5:A504<>"")*('تمويل المالك'!C5:C504<>"سحب شخصي من حساب المنشأة")) | C10: =SUMPRODUCT(('تمويل المالك'!C5:C504<>"سحب شخصي من حساب المنشأة")*'تمويل المالك'!I5:I504) | D10: قبل الضريبة
A11: سحوبات المالك | B11: =SUMPRODUCT(1*('تمويل المالك'!C5:C504="سحب شخصي من حساب المنشأة")) | C11: =SUMPRODUCT(('تمويل المالك'!C5:C504="سحب شخصي من حساب المنشأة")*'تمويل المالك'!I5:I504)
A12: الأصول والمكائن | B12: =SUMPRODUCT(1*('الأصول والمكائن'!A5:A504<>"")) | C12: =SUM('الأصول والمكائن'!J5:J504) | D12: الثمن قبل الضريبة
A13: فواتير المبيعات | B13: =SUMPRODUCT(1*('فواتير المبيعات'!A5:A504<>"")) | C13: =SUM('فواتير المبيعات'!G5:G504) | D13: قبل الضريبة
A14: ضريبة المخرجات في فواتير المبيعات | C14: =SUM('فواتير المبيعات'!H5:H504)
A15: التحصيلات | B15: =SUMPRODUCT(1*('التحصيلات'!A5:A504<>"")) | C15: =SUM('التحصيلات'!E5:E504)
A16: الرواتب المدفوعة | B16: =SUMPRODUCT(1*('الرواتب المدفوعة'!B5:B504<>"")) | C16: =SUM('الرواتب المدفوعة'!H5:H504) | D16: صافي المدفوع
A18: فحوصات (يجب أن تكون صفرًا)
A19: مصروفات بلا «دُفع من» | B19: =SUMPRODUCT(('المصروفات'!A5:A504<>"")*('المصروفات'!N5:N504="")) | D19: كل مصروف يجب أن يُعرف مصدر دفعه
A20: مصروفات بلا اسم ملف مرفق | B20: =SUMPRODUCT(('المصروفات'!A5:A504<>"")*('المصروفات'!R5:R504="")) | D20: مصروف بلا مستند = استثناء
A21: مصروفات بلا تصنيف | B21: =SUMPRODUCT(('المصروفات'!A5:A504<>"")*('المصروفات'!H5:H504=""))
A22: مصروفات بضريبة دون فاتورة ضريبية | B22: =SUMPRODUCT(('المصروفات'!K5:K504>0)*('المصروفات'!F5:F504="لا")) | D22: الضريبة لا تُسترد بلا فاتورة ضريبية
A23: مصروفات برقم فاتورة مكرر لنفس المورد | B23: =SUMPRODUCT(('المصروفات'!E5:E504<>"")*(COUNTIFS('المصروفات'!C5:C504,'المصروفات'!C5:C504,'المصروفات'!E5:E504,'المصروفات'!E5:E504)>1)) | D23: احتمال إدخال مكرر
A24: مصروفات على رمز مشروع غير موجود في ورقة المشاريع | B24: =SUMPRODUCT(('المصروفات'!I5:I504<>"")*(COUNTIF('المشاريع'!A5:A504,'المصروفات'!I5:I504)=0)) | D24: اكتب الرمز كما في ورقة المشاريع
A25: فواتير مبيعات بلا رمز مشروع | B25: =SUMPRODUCT(('فواتير المبيعات'!A5:A504<>"")*('فواتير المبيعات'!E5:E504=""))
A26: كشوف بنوك غير مرفقة | B26: =SUMPRODUCT(('الحسابات البنكية'!A5:A504<>"")*('الحسابات البنكية'!I5:I504<>"نعم"))
A27: بنود «قائمة المطلوبات» غير المكتملة | B27: =SUMPRODUCT(1*('قائمة المطلوبات'!E5:E20<>"مكتمل"))

Sheet قوائم
A1: yes_no | B1: paid_from | C1: category | D1: material_dest | E1: owner_type | F1: asset_state | G1: proj_status | H1: collect_method | I1: status | J1: entity | K1: vat_period
A2: نعم | B2: البنك (حدد الحساب في العمود التالي) | C2: خامات ومواد مباشرة | D2: مشروع مباشرة | E2: إيداع نقدي في حساب المنشأة | F2: جديد | G2: عرض سعر | H2: تحويل بنكي | I2: لم يبدأ | J2: مؤسسة فردية | K2: شهري
A3: لا | B3: المالك من ماله الشخصي | C3: أجور عمالة مباشرة | D3: مخزون الورشة | E3: دفع مصروف تأسيس من ماله | F3: مستعمل | G3: قيد التنفيذ | H3: نقدًا | I3: جارٍ التجهيز | J3: شركة ذات مسؤولية محدودة | K3: ربع سنوي
B4: نقدًا من صندوق المنشأة | C4: رواتب إدارية | E4: دفع ثمن مكينة/أصل من ماله | G4: مُسلَّم | H4: شيك | I4: مكتمل | J4: شركة شخص واحد
B5: عهدة موظف | C5: إيجار الورشة/المكتب | E5: دفع مصروف تشغيلي من ماله | G5: متوقف | H5: نقاط بيع (مدى/بطاقة) | I5: غير متوفر | J5: أخرى
B6: لم يُدفع بعد (آجل) | C6: كهرباء ومياه | E6: سحب شخصي من حساب المنشأة | G6: ملغى
C7: صيانة مكائن ومعدات
C8: أدوات ومستهلكات ورشة
C9: وقود ونقل وشحن
C10: تركيب ومقاولو باطن
C11: رسوم حكومية وتأشيرات وإقامات
C12: تأمينات اجتماعية وطبي
C13: اتصالات وإنترنت وبرامج
C14: تسويق وإعلان
C15: أتعاب مهنية (محاسب/محامٍ)
C16: رسوم بنكية
C17: مصاريف تأسيس
C18: ضيافة ونثريات مكتبية
C19: أخرى (وضّح في الملاحظات)
